{
  "metadata": {
    "author": "Moleys",
    "description": "🧐"
  },
  "data": [
    {
      "name": "[Fanqie] Windy",
      "author": "Windy",
      "path": "https://raw.githubusercontent.com/Inori-2607/vbook-extions/main/fq-web/plugin.zip",
      "version": 2,
      "source": "https://fanqienovel.com",
      "icon": "https://raw.githubusercontent.com/Inori-2607/vbook-extions/main/fq-web/icon.png",
      "description": "🍅🍅🍅🍅🍅🍅🍅🍅🍅",
      "type": "chinese_novel",
      "locale": "zh_CN"
    }
  ]
}