{
  "metadata": {
    "name": "Fanqie [Windy]",
    "author": "Windy",
    "version": 2,
    "source": "Make by Windy",
    "regexp": "(\\d+)[.](\\d+)[.](\\d+)[.](\\d+):9999/info(.*?)|localhost:9999/info(.*?)|api.api-fanqienovel.sunianyun.live/info(.*?)|list.fqapi.jilulu.cn/info(.*?)|fanqienovel.com/page/(\\d+)",
    "description": "Đọc truyện qua app Fanqie, chi tiết vui lòng xem hướng dẫn trong Thảo luận",
    "locale": "zh_CN",
    "language": "javascript",
    "type": "chinese_novel"
  },
  "script": {
    "home": "home.js",
    "detail": "detail.js",
    "genre": "genre.js",
    "page": "page.js",
    "toc": "toc.js",
    "search": "search.js",
    "chap": "chap.js"
  }
}